{"Iter step": 17000, "valid/accs_b": 0.9557999968528748, "valid/accs_d": 0.8033999800682068, "test/accs_b": 0.14649999141693115, "test/accs_d": 0.8093999624252319, "valid/best_acc_b": 0.9569999575614929, "valid/best_acc_d": 0.8273999691009521, "test/best_acc_b": 0.18789999186992645, "test/best_acc_d": 0.8093999624252319, "_timestamp": 1722841656.6426592, "_runtime": 661.8875341415405, "_step": 34}