{"Iter step": 18500, "valid/accs_b": 0.9563999772071838, "valid/accs_d": 0.795799970626831, "test/accs_b": 0.15039999783039093, "test/accs_d": 0.8036999702453613, "valid/best_acc_b": 0.9569999575614929, "valid/best_acc_d": 0.8273999691009521, "test/best_acc_b": 0.18789999186992645, "test/best_acc_d": 0.8093999624252319, "_timestamp": 1722841708.2979698, "_runtime": 713.5428447723389, "_step": 37}