{"Iter step": 49500, "valid/accs_b": 0.9553999900817871, "valid/accs_d": 0.795799970626831, "test/accs_b": 0.16110000014305115, "test/accs_d": 0.840399980545044, "valid/best_acc_b": 0.9569999575614929, "valid/best_acc_d": 0.8273999691009521, "test/best_acc_b": 0.18789999186992645, "test/best_acc_d": 0.8448999524116516, "_timestamp": 1722842812.6939669, "_runtime": 1817.9388418197632, "_step": 99, "_wandb": {"runtime": 1829}}